DATE,YEAR,MONTH,MONTH_NAME,Rainfall_mm_per_month,Temperature_Celsius,Relative_Humidity_percent,Specific_Humidity_g_per_kg,Solar_Radiation_MJ_m2_per_month,Surface_Pressure_hPa
1/1/1984,1984,1,JAN,4.075,23.6767,66.145,11.845,19.54,99.3508
2/1/1984,1984,2,FEB,13.9142,26.1725,74.6183,15.5908,18.195,99.1708
3/1/1984,1984,3,MAR,138.4383,26.2783,83.4158,17.7917,18.1875,99.1617
4/1/1984,1984,4,APR,139.035,25.9108,86.1725,18.0817,17.97,99.2233
5/1/1984,1984,5,MAY,197.0525,25.2433,88.7142,17.9575,17.5175,99.2875
6/1/1984,1984,6,JUN,187.5592,24.7242,89.3367,17.5042,17.2875,99.4833
7/1/1984,1984,7,JUL,141.33,23.995,89.3442,16.7433,16.1075,99.4867
8/1/1984,1984,8,AUG,209.0217,24.0625,88.7425,16.6725,15.5575,99.5392
9/1/1984,1984,9,SEP,394.5342,24.18,89.8808,17.045,16.355,99.4533
10/1/1984,1984,10,OCT,244.7683,24.6142,90.2133,17.5892,18.1425,99.3842
11/1/1984,1984,11,NOV,44.9492,24.7467,83.7817,16.4275,18.815,99.375
12/1/1984,1984,12,DEC,8.5992,23.5958,73.3308,13.4192,16.665,99.2842
1/1/1985,1985,1,JAN,14.1392,25.4725,80.3508,16.3158,18.8075,99.2525
2/1/1985,1985,2,FEB,16.0842,25.365,67.8933,13.5233,18.8325,99.3175
3/1/1985,1985,3,MAR,78.2975,26.2358,81.1125,17.1783,18.1575,99.1817
4/1/1985,1985,4,APR,143.7642,25.8967,85.6883,17.9425,19.4725,99.2533
5/1/1985,1985,5,MAY,223.1608,25.2408,89.2208,18.0483,18.7175,99.3475
6/1/1985,1985,6,JUN,179.2892,24.3383,88.935,16.9917,16.0075,99.6292
7/1/1985,1985,7,JUL,243.3417,23.3642,89.98,16.2158,14.7725,99.62
8/1/1985,1985,8,AUG,215.4633,23.5858,90.1058,16.4692,14.395,99.56
9/1/1985,1985,9,SEP,278.0783,23.7925,89.8575,16.6417,16.0725,99.4767
10/1/1985,1985,10,OCT,141.71,24.8408,88.445,17.46,17.5825,99.365
11/1/1985,1985,11,NOV,28.4225,25.4142,86.3558,17.6108,18.575,99.3333
12/1/1985,1985,12,DEC,0.0758,24.0567,74.3492,13.9475,17.275,99.3083
1/1/1986,1986,1,JAN,0.4958,25.1733,75.3758,15.0083,17.455,99.3625
2/1/1986,1986,2,FEB,41.9192,25.6808,81.9667,16.8225,18.0975,99.2917
3/1/1986,1986,3,MAR,122.0758,25.4225,84.3933,17.1167,17.8775,99.3317
4/1/1986,1986,4,APR,142.5808,25.9633,86.7242,18.2825,18.8725,99.2233
5/1/1986,1986,5,MAY,167.8133,25.4883,88.0233,18.0525,18.3475,99.3875
6/1/1986,1986,6,JUN,154.4267,24.7117,88.4617,17.2942,16.99,99.5283
7/1/1986,1986,7,JUL,194.1083,23.4058,89.2658,16.1217,13.3575,99.7133
8/1/1986,1986,8,AUG,184.74,23.2883,88.0875,15.7783,14.8075,99.5892
9/1/1986,1986,9,SEP,214.6808,23.8517,88.9275,16.4933,14.6075,99.5825
10/1/1986,1986,10,OCT,238.1575,24.62,89.1225,17.3333,17.23,99.485
11/1/1986,1986,11,NOV,45.0108,25.0117,83.315,16.5608,17.4175,99.3467
12/1/1986,1986,12,DEC,18.9825,23.5992,71.1683,12.9183,17.3325,99.4725
1/1/1987,1987,1,JAN,5.2325,25.5675,74.6767,15.0825,18.8675,99.4492
2/1/1987,1987,2,FEB,25.0117,26.9017,78.6492,17.1458,17.805,99.3617
3/1/1987,1987,3,MAR,109.9525,26.4167,81.2992,17.375,17.8975,99.2592
4/1/1987,1987,4,APR,53.3475,27.1533,81.5075,18.2,20.74,99.3058
5/1/1987,1987,5,MAY,135.5608,26.405,85.6733,18.4817,18.4375,99.3
6/1/1987,1987,6,JUN,297.6592,25.0158,89.1242,17.7483,16.565,99.5883
7/1/1987,1987,7,JUL,181.0425,24.8925,88.62,17.5125,15.125,99.4792
8/1/1987,1987,8,AUG,498.8542,24.4217,90.7317,17.4767,13.775,99.4808
9/1/1987,1987,9,SEP,420.7517,24.6825,90.935,17.7917,16.22,99.5008
10/1/1987,1987,10,OCT,282.6933,25.1417,90.0892,18.1275,17.87,99.4075
11/1/1987,1987,11,NOV,4.1058,25.9375,82.9558,17.4375,18.6775,99.37
12/1/1987,1987,12,DEC,8.6233,25.285,75.2117,15.2008,17.03,99.4242
1/1/1988,1988,1,JAN,10.5683,25.81,77.395,16.0133,17.735,99.3575
2/1/1988,1988,2,FEB,33.5867,26.845,78.59,17.2458,18.155,99.17
3/1/1988,1988,3,MAR,117.3733,26.5983,85.775,18.7067,17.9275,99.295
4/1/1988,1988,4,APR,102.1817,26.4258,86.5942,18.7608,17.82,99.2383
5/1/1988,1988,5,MAY,207.3125,25.955,89.42,18.8842,18.8575,99.3817
6/1/1988,1988,6,JUN,311.6842,24.8367,90.495,17.8733,16.6775,99.49
7/1/1988,1988,7,JUL,370.2333,23.8075,90.3725,16.7542,14.6375,99.6058
8/1/1988,1988,8,AUG,327.9775,23.5792,90.2617,16.5092,14.305,99.5125
9/1/1988,1988,9,SEP,325.035,24.1558,91.2067,17.3042,15.1275,99.4625
10/1/1988,1988,10,OCT,275.5717,25.2083,89.7442,18.135,17.5875,99.3442
11/1/1988,1988,11,NOV,59.1242,25.4817,83.8675,17.1567,18.855,99.3958
12/1/1988,1988,12,DEC,29.0883,24.3983,81.2075,15.6317,18.06,99.3242
1/1/1989,1989,1,JAN,0.0258,22.0367,64.9325,10.5517,18.125,99.4675
2/1/1989,1989,2,FEB,0.8717,24.3058,66.2467,12.5058,18.37,99.3867
3/1/1989,1989,3,MAR,102.7342,25.8192,84.9558,17.67,17.815,99.2125
4/1/1989,1989,4,APR,162.6842,26.0917,87.3408,18.5525,18.61,99.195
5/1/1989,1989,5,MAY,178.245,25.3675,89.4883,18.2408,17.455,99.42
6/1/1989,1989,6,JUN,379.3083,24.7025,90.5983,17.7408,16.0575,99.5383
7/1/1989,1989,7,JUL,269.9658,23.9517,90.0625,16.8342,14.69,99.6167
8/1/1989,1989,8,AUG,266.7667,23.795,91.0467,16.8792,13.5325,99.555
9/1/1989,1989,9,SEP,275.8917,24.0975,91.1233,17.2333,15.2225,99.4025
10/1/1989,1989,10,OCT,298.7267,24.6558,90.2692,17.6317,16.7125,99.4408
11/1/1989,1989,11,NOV,13.9825,25.6308,83.8958,17.3375,19.425,99.3108
12/1/1989,1989,12,DEC,0.775,24.8533,78.1525,15.3942,19.405,99.3933
1/1/1990,1990,1,JAN,7.3117,25.5058,80.0292,16.34,18.2025,99.3008
2/1/1990,1990,2,FEB,55.0642,25.895,75.2058,15.6258,19.3375,99.34
3/1/1990,1990,3,MAR,27.1758,26.7733,76.2183,16.61,20.9275,99.3142
4/1/1990,1990,4,APR,171.0883,26.3475,87.765,18.9392,18.775,99.2442
5/1/1990,1990,5,MAY,176.0108,25.5083,89.3883,18.3725,17.7425,99.4175
6/1/1990,1990,6,JUN,157.3625,25.2092,89.0425,17.955,15.9175,99.5617
7/1/1990,1990,7,JUL,226.7558,24.0225,90.0883,16.9117,12.78,99.5858
8/1/1990,1990,8,AUG,76.74,24.0517,88.9342,16.6967,13.315,99.6275
9/1/1990,1990,9,SEP,172.6225,24.4942,89.4092,17.2625,15.2275,99.5075
10/1/1990,1990,10,OCT,149.7375,24.99,89.0508,17.7267,17.0725,99.425
11/1/1990,1990,11,NOV,29.8675,25.5983,86.6633,17.8525,18.075,99.3475
12/1/1990,1990,12,DEC,96.3908,25.4667,84.5958,17.2725,16.41,99.3108
1/1/1991,1991,1,JAN,25.8042,25.4158,74.2825,14.9658,17.26,99.3592
2/1/1991,1991,2,FEB,18.485,26.75,82.185,17.9492,17.8975,99.3075
3/1/1991,1991,3,MAR,38.6292,26.9583,82.755,18.3358,17.625,99.1792
4/1/1991,1991,4,APR,240.5175,25.9975,87.2858,18.4442,17.565,99.2642
5/1/1991,1991,5,MAY,160.0067,25.7017,89.2083,18.5658,17.295,99.3375
6/1/1991,1991,6,JUN,158.5967,25.1783,89.885,18.1058,17.0875,99.5075
7/1/1991,1991,7,JUL,421.8233,24.1417,90.6392,17.1442,14.085,99.6117
8/1/1991,1991,8,AUG,104.3733,23.7275,89.515,16.4867,13.42,99.6567
9/1/1991,1991,9,SEP,173.8217,24.6692,89.0592,17.3675,15.97,99.5592
10/1/1991,1991,10,OCT,128.6733,24.2875,89.8392,17.1533,16.4275,99.4525
11/1/1991,1991,11,NOV,4.3908,25.4075,84.5208,17.2008,18.6075,99.37
12/1/1991,1991,12,DEC,32.0933,24.2525,72.5233,13.7508,17.075,99.3908
1/1/1992,1992,1,JAN,0,23.66,68.5692,12.5058,16.805,99.3792
2/1/1992,1992,2,FEB,4.01,25.9867,65.9575,13.4767,19.4625,99.3633
3/1/1992,1992,3,MAR,61.9475,27.0642,80.1225,17.7167,17.5525,99.2017
4/1/1992,1992,4,APR,153.2725,26.3908,87.3558,18.8892,17.83,99.2692
5/1/1992,1992,5,MAY,260.9267,25.5633,90.42,18.675,17.6925,99.3642
6/1/1992,1992,6,JUN,310.9717,24.7283,90.3333,17.7183,15.7425,99.5492
7/1/1992,1992,7,JUL,247.6675,23.6467,90.9175,16.6817,13.6225,99.6792
8/1/1992,1992,8,AUG,126.3875,23.3983,88.5258,15.9592,14.115,99.7075
9/1/1992,1992,9,SEP,256.35,23.9667,90.0983,16.8858,14.8675,99.4675
10/1/1992,1992,10,OCT,173.1725,24.7533,90.1358,17.7017,17.28,99.4633
11/1/1992,1992,11,NOV,40.4983,24.335,83.0167,15.9525,17.805,99.3675
12/1/1992,1992,12,DEC,1.13,24.2558,75.2117,14.2983,17.3425,99.3783
1/1/1993,1993,1,JAN,1.0275,23.71,68.6142,12.4983,16.835,99.4492
2/1/1993,1993,2,FEB,32.3192,25.6333,74.4125,15.2208,18.6,99.3067
3/1/1993,1993,3,MAR,81.05,26.045,80.91,17.0408,18.1975,99.335
4/1/1993,1993,4,APR,110.3692,26.3075,86.6783,18.6108,18.085,99.2333
5/1/1993,1993,5,MAY,226.9092,26.0692,89.3675,19.01,17.75,99.3008
6/1/1993,1993,6,JUN,330.9325,25.0192,90.3492,18.0225,16.4775,99.5667
7/1/1993,1993,7,JUL,297.3508,23.8483,90.5025,16.8258,14.4875,99.6092
8/1/1993,1993,8,AUG,199.9083,23.795,89.995,16.6583,14.0475,99.625
9/1/1993,1993,9,SEP,311.5567,24.3292,90.9675,17.4208,15.75,99.5025
10/1/1993,1993,10,OCT,174.0967,25.2192,89.515,18.0892,17.4225,99.4175
11/1/1993,1993,11,NOV,70.2075,25.4133,88.2067,18.0208,17.995,99.2692
12/1/1993,1993,12,DEC,19.5825,24.5617,78.2692,15.165,16.0875,99.325
1/1/1994,1994,1,JAN,26.5783,24.8,77.395,15.2608,16.9525,99.2842
2/1/1994,1994,2,FEB,30.805,26.1142,77.445,16.2708,18.5925,99.3158
3/1/1994,1994,3,MAR,143.7192,26.2975,87.4475,18.7892,19.34,99.2525
4/1/1994,1994,4,APR,194.81,26.2717,88.0367,18.9267,17.445,99.2275
5/1/1994,1994,5,MAY,173.8575,25.6083,90.0808,18.6475,18.2525,99.3942
6/1/1994,1994,6,JUN,228.3125,24.8992,90.1225,17.8475,17.5525,99.5492
7/1/1994,1994,7,JUL,287.7392,23.9575,90.9825,17.0267,14.3625,99.6175
8/1/1994,1994,8,AUG,177.1942,23.9942,90.24,16.92,14.615,99.555
9/1/1994,1994,9,SEP,288.3017,24.1683,91.11,17.2842,15.9825,99.5308
10/1/1994,1994,10,OCT,337.5533,24.6325,91.245,17.8375,17.2575,99.3783
11/1/1994,1994,11,NOV,49.1283,24.7775,82.7675,16.26,19.0925,99.4092
12/1/1994,1994,12,DEC,0.0292,22.8175,74.4767,12.8817,17.715,99.465
1/1/1995,1995,1,JAN,29.6342,24.6508,72.425,14.0242,17.295,99.4392
2/1/1995,1995,2,FEB,46.1508,25.9075,79.4392,16.5517,18.4075,99.4183
3/1/1995,1995,3,MAR,149.6692,26.29,86.6742,18.615,17.0375,99.23
4/1/1995,1995,4,APR,195.2717,26.3233,88.9467,19.2267,17.4775,99.14
5/1/1995,1995,5,MAY,183.5483,25.8117,89.8758,18.85,17.8,99.3192
6/1/1995,1995,6,JUN,294.8133,25.1725,90.9142,18.335,16.0225,99.4883
7/1/1995,1995,7,JUL,384.1483,24.0725,91.7633,17.3392,13.3425,99.4567
8/1/1995,1995,8,AUG,394.9583,24.1283,92.4408,17.5267,13.055,99.4975
9/1/1995,1995,9,SEP,302.0867,24.4275,91.695,17.6833,15.145,99.5283
10/1/1995,1995,10,OCT,202.1267,24.8242,90.7225,17.9308,16.935,99.3692
11/1/1995,1995,11,NOV,49.9475,24.7983,80.8625,15.9175,18.6875,99.3683
12/1/1995,1995,12,DEC,6.1742,24.7292,78.66,15.4083,17.85,99.4225
1/1/1996,1996,1,JAN,0.8517,25.5375,79.2667,16.2333,18.765,99.2333
2/1/1996,1996,2,FEB,47.4825,26.3542,83.8392,17.9708,17.63,99.1833
3/1/1996,1996,3,MAR,157.5358,26.22,87.0333,18.6258,18.1025,99.1875
4/1/1996,1996,4,APR,134.3067,26.2917,88.3558,19.0458,18.11,99.185
5/1/1996,1996,5,MAY,214.1525,25.9867,89.8242,19.0333,17.33,99.3333
6/1/1996,1996,6,JUN,362.2067,24.9217,90.9492,18.0658,16.405,99.5033
7/1/1996,1996,7,JUL,243.5933,23.8933,90.68,16.895,14.78,99.6458
8/1/1996,1996,8,AUG,307.3642,23.8367,90.8567,16.8858,14.1325,99.5683
9/1/1996,1996,9,SEP,192.04,24.0842,90.5742,17.1017,14.62,99.4683
10/1/1996,1996,10,OCT,157.22,24.4433,90.0758,17.3825,16.975,99.4158
11/1/1996,1996,11,NOV,17.5933,24.7975,79.6717,15.6408,19.905,99.3242
12/1/1996,1996,12,DEC,4.3625,24.91,77.8408,15.3758,17.4375,99.365
1/1/1997,1997,1,JAN,32.8883,24.8925,79.6442,15.7625,17.43,99.3325
2/1/1997,1997,2,FEB,8.115,24.5042,66.3517,12.6408,18.38,99.385
3/1/1997,1997,3,MAR,262.6708,26.225,83.4092,17.7767,17.2425,99.245
4/1/1997,1997,4,APR,215.2825,25.4817,89.3908,18.3383,17.0975,99.3783
5/1/1997,1997,5,MAY,245.8242,25.5075,90.8158,18.6867,17.7575,99.4575
6/1/1997,1997,6,JUN,369.1925,24.9142,91.1267,18.11,14.8575,99.4725
7/1/1997,1997,7,JUL,180.8517,23.8858,90.0367,16.7625,13.8825,99.6667
8/1/1997,1997,8,AUG,181.9658,23.8417,89.81,16.6658,13.59,99.6675
9/1/1997,1997,9,SEP,155.2008,24.9008,89.89,17.8008,15.49,99.5017
10/1/1997,1997,10,OCT,97.8483,25.6583,89.6767,18.615,17.2925,99.365
11/1/1997,1997,11,NOV,52.3858,25.9608,86.4275,18.225,17.3325,99.3325
12/1/1997,1997,12,DEC,60.565,25.0292,77.7108,15.5025,17.1275,99.4333
1/1/1998,1998,1,JAN,7.6642,24.2025,72.2833,13.7642,16.625,99.335
2/1/1998,1998,2,FEB,15.12,27.1992,76.4708,17.1233,17.95,99.415
3/1/1998,1998,3,MAR,12.0483,27.5108,76.9042,17.5583,19.0125,99.2133
4/1/1998,1998,4,APR,229.125,27.5092,87.7942,20.3125,18.6325,99.1925
5/1/1998,1998,5,MAY,196.2842,26.7308,89.6217,19.8333,19.5925,99.3992
6/1/1998,1998,6,JUN,196.2617,25.525,90.6033,18.64,16.8125,99.5767
7/1/1998,1998,7,JUL,117.9267,24.5067,89.1242,17.2242,13.5575,99.5867
8/1/1998,1998,8,AUG,183.6433,23.9708,88.7508,16.6017,14.575,99.5325
9/1/1998,1998,9,SEP,218.4983,24.705,90.0358,17.6325,14.565,99.4725
10/1/1998,1998,10,OCT,218.8425,25.255,89.455,18.095,16.3675,99.445
11/1/1998,1998,11,NOV,31.1667,25.8767,84.6342,17.7633,18.5475,99.2817
12/1/1998,1998,12,DEC,1.105,24.9775,77.2108,15.34,17.52,99.3525
1/1/1999,1999,1,JAN,16.0167,25.3617,77.8,15.78,17.3225,99.2567
2/1/1999,1999,2,FEB,23.5475,26.2425,82.125,17.4567,17.485,99.22
3/1/1999,1999,3,MAR,27.9783,26.7642,84.8758,18.7133,17.815,99.0708
4/1/1999,1999,4,APR,78.6083,26.5483,85.7042,18.65,17.9425,99.2375
5/1/1999,1999,5,MAY,79.73,26.2475,85.7642,18.3183,18.2525,99.3333
6/1/1999,1999,6,JUN,179.2533,25.3667,89.13,18.1483,15.635,99.425
7/1/1999,1999,7,JUL,203.3425,24.2592,89.4492,17.0067,14.73,99.5758
8/1/1999,1999,8,AUG,143.5725,24.4342,86.79,16.6208,14.895,99.5567
9/1/1999,1999,9,SEP,121.4608,24.5208,88.7508,17.1433,14.71,99.4208
10/1/1999,1999,10,OCT,188.7442,24.695,89.745,17.5383,15.5525,99.4258
11/1/1999,1999,11,NOV,45.2725,25.6642,85.54,17.5942,17.44,99.3208
12/1/1999,1999,12,DEC,5.0867,25.7425,73.6808,14.9792,17.955,99.2875
1/1/2000,2000,1,JAN,0.8908,26.4483,74.265,15.685,17.9075,99.1633
2/1/2000,2000,2,FEB,0.2758,26.2033,61.5967,12.6858,18.07,99.2942
3/1/2000,2000,3,MAR,46.3558,27.2367,73.9583,16.3208,19.6825,99.1233
4/1/2000,2000,4,APR,77.33,26.7825,84.6617,18.6667,16.975,99.1292
5/1/2000,2000,5,MAY,182.4592,26.8592,83.9267,18.5083,18.235,99.2967
6/1/2000,2000,6,JUN,426.2667,24.7383,91.0883,17.895,15.46,99.5225
7/1/2000,2000,7,JUL,446.975,24.0875,90.5125,17.0817,15.1325,99.51
8/1/2000,2000,8,AUG,100.6875,23.8042,89.6608,16.6083,13.03,99.5892
9/1/2000,2000,9,SEP,177.1417,24.1733,90.6508,17.1975,14.76,99.4592
10/1/2000,2000,10,OCT,362.7167,24.8975,89.8358,17.795,15.6425,99.4533
11/1/2000,2000,11,NOV,75.4467,25.6225,84.9592,17.5592,18.6425,99.2892
12/1/2000,2000,12,DEC,9.0225,24.1725,74.995,14.1325,17.21,99.425
1/1/2001,2001,1,JAN,1.6267,24.2133,69.8167,13.1933,18.26,99.4008
2/1/2001,2001,2,FEB,3.8975,25.0492,71.9433,14.3767,17.25,99.2617
3/1/2001,2001,3,MAR,12.9683,26.8342,83.8267,18.5033,18.855,99.2233
4/1/2001,2001,4,APR,190.8008,26.4,89.1708,19.35,18.3775,99.22
5/1/2001,2001,5,MAY,236.8433,25.9375,90.7208,19.175,18.3875,99.3683
6/1/2001,2001,6,JUN,264.9583,24.84,90.8383,17.9392,16.7325,99.5458
7/1/2001,2001,7,JUL,123.3625,24.27,89.0533,16.9658,14.5325,99.5958
8/1/2001,2001,8,AUG,81.2433,23.8142,88.64,16.3942,12.3475,99.7033
9/1/2001,2001,9,SEP,256.5767,24.1067,90.1375,17.025,14.56,99.5075
10/1/2001,2001,10,OCT,103.1125,25.3667,88.7108,18.0458,17.435,99.4408
11/1/2001,2001,11,NOV,43.905,25.7642,86.2033,17.9017,18.405,99.3758
12/1/2001,2001,12,DEC,26.5325,25.7875,81.56,16.9325,17.7825,99.3183
1/1/2002,2002,1,JAN,8.2875,24.2058,68.03,12.7625,17.8025,99.3925
2/1/2002,2002,2,FEB,1.8675,26.365,73.1367,15.6033,18.06,99.3083
3/1/2002,2002,3,MAR,91.9508,27.0758,84.4925,18.89,17.8475,99.1908
4/1/2002,2002,4,APR,255.2058,26.5142,88.4833,19.3342,17.19,99.1
5/1/2002,2002,5,MAY,116.1992,26.4783,88.3742,19.245,17.5,99.3475
6/1/2002,2002,6,JUN,214.4725,25.0692,90.91,18.2083,16.3325,99.57
7/1/2002,2002,7,JUL,430.345,24.6275,91.5342,17.8483,14.3425,99.63
8/1/2002,2002,8,AUG,132.0367,24.2558,90.0267,17.1292,12.7425,99.5975
9/1/2002,2002,9,SEP,123.7758,24.5742,90.0892,17.4892,14.82,99.5475
10/1/2002,2002,10,OCT,262.915,24.9425,90.3225,17.9583,16.1025,99.4192
11/1/2002,2002,11,NOV,27.5142,25.6508,84.7358,17.4825,18.1575,99.4225
12/1/2002,2002,12,DEC,1.6775,24.58,76.2492,14.9033,18.205,99.4708
1/1/2003,2003,1,JAN,44.6758,25.135,78.3483,15.6925,17.925,99.45
2/1/2003,2003,2,FEB,90.915,26.8067,84.2033,18.5242,17.6675,99.2533
3/1/2003,2003,3,MAR,23.0408,26.8583,85.0058,18.82,17.2125,99.2025
4/1/2003,2003,4,APR,285.9642,26.4233,89.2567,19.3967,17.8775,99.2683
5/1/2003,2003,5,MAY,130.25,26.145,90.1467,19.2792,17.565,99.3892
6/1/2003,2003,6,JUN,148.44,25.0058,90.4583,18.0592,15.2425,99.4858
7/1/2003,2003,7,JUL,160.24,24.2575,89.8042,17.0975,14.5975,99.6175
8/1/2003,2003,8,AUG,80.8392,24.5025,88.4475,17.0683,13.9525,99.5967
9/1/2003,2003,9,SEP,308.5208,24.7692,90.835,17.8575,14.2925,99.5483
10/1/2003,2003,10,OCT,261.5525,25.5325,90.8083,18.7308,17.63,99.3483
11/1/2003,2003,11,NOV,55.9583,25.6417,88.0967,18.2558,18.0925,99.3008
12/1/2003,2003,12,DEC,2.1275,24.8292,78.6067,15.5358,18.335,99.36
1/1/2004,2004,1,JAN,45.6017,25.1733,79.3942,15.9283,17.43,99.2608
2/1/2004,2004,2,FEB,17.1917,25.8017,79.5767,16.6417,17.4375,99.3083
3/1/2004,2004,3,MAR,27.4583,26.73,81.5975,18.005,16.6525,99.2083
4/1/2004,2004,4,APR,190.3375,26.3967,89.1308,19.3267,17.3525,99.2575
5/1/2004,2004,5,MAY,262.0883,25.9667,90.5583,19.165,16.1125,99.4242
6/1/2004,2004,6,JUN,148.3267,25.0325,90.8017,18.1292,15.9,99.645
7/1/2004,2004,7,JUL,201.0267,24.0908,91.2958,17.2408,14.36,99.57
8/1/2004,2004,8,AUG,126.7375,24.355,89.7733,17.1817,13.53,99.6233
9/1/2004,2004,9,SEP,236.3825,24.8167,91.1458,17.9842,16.01,99.4775
10/1/2004,2004,10,OCT,127.5092,25.335,90.4867,18.43,16.83,99.4083
11/1/2004,2004,11,NOV,47.7092,25.7292,88.255,18.4008,17.98,99.3175
12/1/2004,2004,12,DEC,0.2708,25.8483,83.845,17.5617,17.8725,99.2608
1/1/2005,2005,1,JAN,0.1067,23.64,69.695,12.8683,17.4025,99.3208
2/1/2005,2005,2,FEB,27.1017,27.0433,85.0983,19.0467,16.22,99.1433
3/1/2005,2005,3,MAR,70.7508,26.9417,87.9517,19.665,17.52,99.2358
4/1/2005,2005,4,APR,41.8033,27.1333,88.1017,19.9475,17.205,99.22
5/1/2005,2005,5,MAY,52.2867,26.3542,87.7642,18.9217,17.0425,99.3708
6/1/2005,2005,6,JUN,224.8625,25.5092,89.5725,18.3967,14.2125,99.4833
7/1/2005,2005,7,JUL,76.8425,24.7633,88.4775,17.3225,12.7575,99.6358
8/1/2005,2005,8,AUG,121.6025,24.4942,85.395,16.3783,13.6,99.58
9/1/2005,2005,9,SEP,267.415,25.0558,89.5675,17.8883,15.315,99.5017
10/1/2005,2005,10,OCT,97.5225,25.4225,89.4042,18.265,16.585,99.4383
11/1/2005,2005,11,NOV,31.7683,26.1742,85.5908,18.2125,19.0725,99.2792
12/1/2005,2005,12,DEC,1.4008,26.2008,82.1625,17.4008,17.6775,99.1967
1/1/2006,2006,1,JAN,10.3,26.5892,84.0508,18.2233,16.34,99.1667
2/1/2006,2006,2,FEB,23.6475,27.2175,83.2725,18.725,17.15,99.1575
3/1/2006,2006,3,MAR,47.46,26.8075,84.7517,18.6758,17.11,99.2508
4/1/2006,2006,4,APR,38.955,27.1533,84.7767,19.085,18.7175,99.1583
5/1/2006,2006,5,MAY,172.7692,25.9975,89.0025,18.8167,16.31,99.4033
6/1/2006,2006,6,JUN,125.8217,25.5892,89.1842,18.4042,16.775,99.485
7/1/2006,2006,7,JUL,200.4083,25.0283,88.685,17.655,13.57,99.5858
8/1/2006,2006,8,AUG,419.8383,24.2442,89.6367,17.0583,12.785,99.5358
9/1/2006,2006,9,SEP,253.0067,24.5375,91.2692,17.705,13.9275,99.5292
10/1/2006,2006,10,OCT,89.6992,25.6758,89.7592,18.6517,15.9525,99.3575
11/1/2006,2006,11,NOV,30.4683,25.4283,81.5242,16.6642,19.17,99.3233
12/1/2006,2006,12,DEC,0.3467,25.0575,74.4425,14.8058,18.1475,99.4375
1/1/2007,2007,1,JAN,0.0125,23.4917,65.2217,11.8367,18.1,99.4292
2/1/2007,2007,2,FEB,29.4933,26.5817,80.7483,17.485,17.72,99.2783
3/1/2007,2007,3,MAR,40.3983,27.0108,82.2192,18.3025,17.97,99.1717
4/1/2007,2007,4,APR,137.9325,26.7308,87.2792,19.2625,17.3975,99.2042
5/1/2007,2007,5,MAY,168.9467,26.235,89.9433,19.3392,17.8425,99.3208
6/1/2007,2007,6,JUN,363.8675,25.0667,91.285,18.295,16.0125,99.5133
7/1/2007,2007,7,JUL,228.735,24.435,90.4217,17.4183,13.8625,99.565
8/1/2007,2007,8,AUG,393.8383,24.1883,91.3483,17.365,13.6025,99.4917
9/1/2007,2007,9,SEP,452.12,24.7867,91.6792,18.0683,14.6225,99.5125
10/1/2007,2007,10,OCT,233.2433,24.9475,91.4492,18.2183,16.4275,99.3833
11/1/2007,2007,11,NOV,67.7792,25.6242,88.0225,18.2283,17.4825,99.2717
12/1/2007,2007,12,DEC,47.6158,24.6475,79.6608,15.65,17.33,99.3158
1/1/2008,2008,1,JAN,2.7942,23.4092,74.0083,13.51,17.86,99.3183
2/1/2008,2008,2,FEB,14.5917,24.9717,74.9992,14.9475,18.0675,99.3283
3/1/2008,2008,3,MAR,52.9283,26.2475,88.0133,18.9075,17.98,99.1542
4/1/2008,2008,4,APR,83.8817,26.2875,87.4258,18.8083,17.125,99.1267
5/1/2008,2008,5,MAY,81.9442,26.0233,89.1558,18.9133,17.7,99.28
6/1/2008,2008,6,JUN,245.6375,25.2433,90.7467,18.3742,16.01,99.455
7/1/2008,2008,7,JUL,342.3608,24.5033,90.4892,17.4942,14.16,99.5717
8/1/2008,2008,8,AUG,186.1192,24.2692,91.0033,17.3783,13.7725,99.4467
9/1/2008,2008,9,SEP,285.9925,24.805,91.1975,17.9842,14.6925,99.4817
10/1/2008,2008,10,OCT,140.6917,25.4342,89.7142,18.365,18.3975,99.4042
11/1/2008,2008,11,NOV,15.8392,25.8575,84.8433,17.7942,18.675,99.2967
12/1/2008,2008,12,DEC,21.6025,25.265,81.3317,16.5325,17.135,99.2717
1/1/2009,2009,1,JAN,35.5408,25.4492,81.6517,16.73,17.51,99.3033
2/1/2009,2009,2,FEB,16.9058,26.3792,86.5033,18.6442,16.815,99.185
3/1/2009,2009,3,MAR,51.4917,26.68,87.4008,19.2308,16.86,99.1242
4/1/2009,2009,4,APR,142.2267,26.175,89.3,19.115,18.225,99.27
5/1/2009,2009,5,MAY,194.17,25.8458,90.3067,18.9875,17.74,99.3183
6/1/2009,2009,6,JUN,216.1,25.1817,91.2783,18.4292,15.9575,99.5233
7/1/2009,2009,7,JUL,224.4983,24.6492,90.9167,17.7458,13.6425,99.58
8/1/2009,2009,8,AUG,151.1825,24.3767,90.8725,17.4567,12.74,99.52
9/1/2009,2009,9,SEP,167.4833,24.9183,91.0508,18.0625,14.86,99.5533
10/1/2009,2009,10,OCT,290.0933,25.1308,90.7358,18.2592,15.5475,99.3792
11/1/2009,2009,11,NOV,94.5133,25.2167,82.665,16.7242,18.2525,99.355
12/1/2009,2009,12,DEC,0.2325,25.6358,78.6258,16.2658,18.6275,99.3633
1/1/2010,2010,1,JAN,16.4517,25.8625,79.72,16.6983,17.6925,99.3442
2/1/2010,2010,2,FEB,23.2733,26.8383,83.8817,18.59,18.0575,99.2567
3/1/2010,2010,3,MAR,43.9483,26.9583,84.5158,18.865,16.685,99.3017
4/1/2010,2010,4,APR,112.8767,26.985,88.1608,19.7775,17.8325,99.24
5/1/2010,2010,5,MAY,197.2433,26.5008,90.1775,19.7033,16.96,99.3342
6/1/2010,2010,6,JUN,227.6067,25.5183,91.1167,18.7567,15.45,99.5442
7/1/2010,2010,7,JUL,190.5475,24.5292,90.4775,17.535,14.025,99.5508
8/1/2010,2010,8,AUG,275.2458,24.5258,90.4675,17.5208,13.0475,99.53
9/1/2010,2010,9,SEP,469.3525,24.6758,91.0467,17.825,15.2025,99.45
10/1/2010,2010,10,OCT,221.2875,25.1667,90.8042,18.325,16.2025,99.375
11/1/2010,2010,11,NOV,99.4183,25.7592,87.96,18.3558,17.6625,99.2525
12/1/2010,2010,12,DEC,62.0858,25.095,78.1233,15.6692,18.5775,99.22
1/1/2011,2011,1,JAN,2.2792,24.345,73.36,14.1142,18.4475,99.2108
2/1/2011,2011,2,FEB,72.4592,25.8858,86.1625,18.0467,17.345,99.2192
3/1/2011,2011,3,MAR,31.1675,26.6267,86.6975,19.0008,18.505,99.17
4/1/2011,2011,4,APR,73.3725,26.2767,88.4783,19.0467,16.705,99.1692
5/1/2011,2011,5,MAY,218.3825,26.0267,90.7325,19.2883,17.1775,99.3267
6/1/2011,2011,6,JUN,217.1783,25.2617,91.3517,18.53,14.2525,99.4817
7/1/2011,2011,7,JUL,244.4975,24.5192,91.1792,17.68,12.485,99.5117
8/1/2011,2011,8,AUG,211.7208,24.2025,90.5892,17.2058,13.5325,99.5425
9/1/2011,2011,9,SEP,231.65,24.6317,91.1183,17.7725,14.805,99.545
10/1/2011,2011,10,OCT,244.4258,25.1117,90.6142,18.2325,15.9725,99.305
11/1/2011,2011,11,NOV,70.9283,25.5142,84.7117,17.4208,18.975,99.3275
12/1/2011,2011,12,DEC,1.175,24.1225,74.4242,14.1092,18.4625,99.3875
1/1/2012,2012,1,JAN,8.1192,24.4992,75.3008,14.6067,17.2275,99.3692
2/1/2012,2012,2,FEB,53.1858,26.0525,85.4758,18.0325,15.765,99.1908
3/1/2012,2012,3,MAR,51.0667,26.3933,85.6133,18.4417,17.7275,99.2583
4/1/2012,2012,4,APR,172.4458,26.1492,89.1925,19.0642,18.015,99.2583
5/1/2012,2012,5,MAY,211.2267,25.6217,89.6433,18.56,16.5825,99.4275
6/1/2012,2012,6,JUN,248.5533,24.9392,91.0017,18.0883,15.215,99.565
7/1/2012,2012,7,JUL,214.8208,24.3325,90.5983,17.3433,12.8475,99.555
8/1/2012,2012,8,AUG,169.5,24.0417,89.775,16.8617,12.915,99.6142
9/1/2012,2012,9,SEP,350.025,24.5258,91,17.6225,14.0725,99.5933
10/1/2012,2012,10,OCT,234.1733,25.09,90.8133,18.2367,15.9525,99.3933
11/1/2012,2012,11,NOV,108.8567,25.755,88.1917,18.3967,16.925,99.3333
12/1/2012,2012,12,DEC,43.5033,24.7467,77.7017,15.3058,18.0025,99.345
1/1/2013,2013,1,JAN,57.8675,25.1917,78.87,15.9467,17.73,99.39
2/1/2013,2013,2,FEB,48.4817,25.9092,84.665,17.8775,17.175,99.2408
3/1/2013,2013,3,MAR,76.8717,26.5475,88.4725,19.345,18.6825,99.2783
4/1/2013,2013,4,APR,119.8733,26.4408,88.1958,19.1392,18.15,99.3283
5/1/2013,2013,5,MAY,218.46,25.74,90.6267,18.9133,17.4325,99.4317
6/1/2013,2013,6,JUN,174.5908,25.0433,90.7567,18.1542,15.0925,99.5308
7/1/2013,2013,7,JUL,253.4467,24.2067,90.6992,17.2233,13.1225,99.6167
8/1/2013,2013,8,AUG,140.205,24.005,89.0208,16.6842,13.7475,99.5467
9/1/2013,2013,9,SEP,221.9467,24.6625,90.6525,17.7025,14.2075,99.5367
10/1/2013,2013,10,OCT,163.8967,25.305,89.3842,18.1225,16.7725,99.4617
11/1/2013,2013,11,NOV,91.9367,25.6275,89.1692,18.4642,17.4075,99.2908
12/1/2013,2013,12,DEC,62.4092,24.8375,82.0583,16.24,17.255,99.3933
1/1/2014,2014,1,JAN,57.9108,25.6042,81.4992,16.7808,17.1225,99.3425
2/1/2014,2014,2,FEB,41.4617,26.2333,82.9125,17.6517,16.78,99.2375
3/1/2014,2014,3,MAR,61.4967,26.3667,87.0758,18.7767,18.1625,99.2708
4/1/2014,2014,4,APR,115.9208,26.3042,88.6058,19.0875,17.9575,99.3108
5/1/2014,2014,5,MAY,210.6858,26.1658,89.2492,19.0875,17.755,99.3483
6/1/2014,2014,6,JUN,109.9558,25.5333,89.685,18.4417,15.6925,99.52
7/1/2014,2014,7,JUL,167.7642,24.8383,89.3108,17.5775,13.32,99.6967
8/1/2014,2014,8,AUG,212.2483,24.2225,90.0067,17.0917,12.69,99.6092
9/1/2014,2014,9,SEP,238.5158,24.5575,90.5017,17.545,14.135,99.5508
10/1/2014,2014,10,OCT,207.2483,25.2917,89.9858,18.2483,15.68,99.4575
11/1/2014,2014,11,NOV,69.7625,25.7692,87.3792,18.1683,17.525,99.3858
12/1/2014,2014,12,DEC,2.1383,25.6225,76.9125,15.775,17.63,99.4225
1/1/2015,2015,1,JAN,1.7908,24.1167,70.9733,13.4958,17.795,99.5042
2/1/2015,2015,2,FEB,27.7992,26.6625,84.7508,18.4725,16.0525,99.3025
3/1/2015,2015,3,MAR,185.4175,26.6392,86.35,18.8408,16.7325,99.2683
4/1/2015,2015,4,APR,69.0117,26.5708,87.2567,19.0108,18.15,99.3625
5/1/2015,2015,5,MAY,116.3108,26.23,89.6417,19.2333,17.415,99.4242
6/1/2015,2015,6,JUN,207.32,25.1967,90.9558,18.3408,14.32,99.6008
7/1/2015,2015,7,JUL,165.6267,24.9,89.8983,17.8,13.43,99.595
8/1/2015,2015,8,AUG,111.7108,24.6967,89.8775,17.5642,12.6975,99.5625
9/1/2015,2015,9,SEP,192.7292,24.8683,90.7433,17.9358,13.605,99.5317
10/1/2015,2015,10,OCT,174.9525,25.5008,90.4333,18.5792,16.2425,99.4775
11/1/2015,2015,11,NOV,53.91,26.0992,85.1117,17.9958,18.345,99.4
12/1/2015,2015,12,DEC,1.0292,23.7533,63.0883,11.3867,18.5725,99.5675
1/1/2016,2016,1,JAN,24.8675,25.2933,67.47,13.4183,17.9875,99.4633
2/1/2016,2016,2,FEB,1.9533,27.1692,75.1167,16.6042,17.0975,99.33
3/1/2016,2016,3,MAR,138.2483,27.4442,85.0633,19.4483,16.755,99.3358
4/1/2016,2016,4,APR,118.7667,27.1842,87.1517,19.7342,18.55,99.2892
5/1/2016,2016,5,MAY,190.0142,26.2592,89.9475,19.3375,17.43,99.4933
6/1/2016,2016,6,JUN,256.7917,25.1817,90.3392,18.195,15.0475,99.6383
7/1/2016,2016,7,JUL,224.4533,24.6175,90.875,17.6925,13.705,99.5908
8/1/2016,2016,8,AUG,249.3067,24.5258,90.7783,17.5725,13.1275,99.585
9/1/2016,2016,9,SEP,401.2058,24.785,91.6592,18.045,14.4225,99.5583
10/1/2016,2016,10,OCT,299.2467,25.6583,90.2158,18.725,17.465,99.3758
11/1/2016,2016,11,NOV,50.2158,26.3492,85.8517,18.5192,18.3125,99.3225
12/1/2016,2016,12,DEC,14.4567,25.4425,80.565,16.545,17.41,99.3292
1/1/2017,2017,1,JAN,5.3717,25.5508,80.5092,16.5917,17.5325,99.3275
2/1/2017,2017,2,FEB,11.2125,26.2175,80.5708,17.21,17.8775,99.2908
3/1/2017,2017,3,MAR,115.4167,26.8583,87.1467,19.3325,18.33,99.2292
4/1/2017,2017,4,APR,159.9775,26.63,88.7008,19.5,18.1375,99.2675
5/1/2017,2017,5,MAY,233.7975,26.2483,90.2517,19.4175,17.8175,99.4075
6/1/2017,2017,6,JUN,304.14,25.5408,90.9317,18.7583,15.935,99.49
7/1/2017,2017,7,JUL,486.2733,24.655,91.11,17.78,13.3625,99.6508
8/1/2017,2017,8,AUG,223.3042,24.3033,91.4033,17.4808,12.3875,99.56
9/1/2017,2017,9,SEP,266.3025,24.785,91.0617,17.9317,14.3,99.5317
10/1/2017,2017,10,OCT,135.0433,25.6533,90.14,18.6983,16.69,99.4208
11/1/2017,2017,11,NOV,47.195,25.775,86.8308,18.1283,18.0875,99.3417
12/1/2017,2017,12,DEC,36.4617,25.5342,81.5858,16.7633,16.355,99.3367
1/1/2018,2018,1,JAN,0.9392,24.0375,71.7608,13.4975,18.51,99.385
2/1/2018,2018,2,FEB,68.6,26.325,85.5317,18.4208,16.0975,99.19
3/1/2018,2018,3,MAR,75.2692,26.485,87.3608,18.9725,18.135,99.2958
4/1/2018,2018,4,APR,71.935,26.3758,88.6125,19.1808,16.4225,99.2967
5/1/2018,2018,5,MAY,172.31,25.8892,90.3775,19.035,16.365,99.3942
6/1/2018,2018,6,JUN,411.965,25.065,91.6117,18.3625,15.5025,99.5592
7/1/2018,2018,7,JUL,323.12,24.6667,91.4458,17.8658,13.0125,99.6108
8/1/2018,2018,8,AUG,307.9067,24.36,91.17,17.4825,13.4375,99.6067
9/1/2018,2018,9,SEP,367.2267,24.8858,91.7958,18.2175,15.2225,99.4242
10/1/2018,2018,10,OCT,223.9617,25.5083,90.61,18.6575,17.15,99.4042
11/1/2018,2018,11,NOV,135.475,26.2017,86.8875,18.6033,18.0875,99.3025
12/1/2018,2018,12,DEC,3.3242,25.125,75.045,15.0783,17.94,99.4283
1/1/2019,2019,1,JAN,56.1025,25.5633,80.8192,16.6833,17.275,99.4133
2/1/2019,2019,2,FEB,40.3975,25.9975,81.995,17.3433,15.575,99.3367
3/1/2019,2019,3,MAR,66.7042,26.6792,87.7975,19.3308,18.1875,99.3167
4/1/2019,2019,4,APR,78.2608,26.9208,88.7533,19.8575,17.9775,99.2675
5/1/2019,2019,5,MAY,240.26,26.245,90.2725,19.425,17.7825,99.3525
6/1/2019,2019,6,JUN,403.3675,25.4967,90.87,18.6658,14.95,99.58
7/1/2019,2019,7,JUL,265.9442,24.83,91.3367,18.0317,13.6675,99.5683
8/1/2019,2019,8,AUG,301.8775,24.5567,91.35,17.7217,14.3575,99.6558
9/1/2019,2019,9,SEP,432.9708,24.9,92.1883,18.3,13.9625,99.5283
10/1/2019,2019,10,OCT,518.0875,24.9208,91.1358,18.1275,14.4975,99.385
11/1/2019,2019,11,NOV,95.7867,26.2933,87.5667,18.8683,17.975,99.29
12/1/2019,2019,12,DEC,55.7508,25.4925,74.5283,15.3175,19.06,99.3508
1/1/2020,2020,1,JAN,0.4133,24.2192,71.23,13.5692,18.945,99.4258
2/1/2020,2020,2,FEB,0.6083,25.955,75.3925,15.8958,18.1275,99.3442
3/1/2020,2020,3,MAR,125.6492,26.9,87.4942,19.4942,17.3425,99.29
4/1/2020,2020,4,APR,144.2467,26.6275,88.4842,19.4333,18.485,99.3675
5/1/2020,2020,5,MAY,140.995,26.3192,89.8133,19.375,17.85,99.4792
6/1/2020,2020,6,JUN,349.4092,25.2792,91.1492,18.4917,15.655,99.5492
7/1/2020,2020,7,JUL,311.1367,24.3142,91.6525,17.5608,13.655,99.5108
8/1/2020,2020,8,AUG,71.3483,23.9575,88.4275,16.5175,15.66,99.5475
9/1/2020,2020,9,SEP,443.1825,24.5433,91.2642,17.7167,13.315,99.4958
10/1/2020,2020,10,OCT,176.3225,25.3983,89.3658,18.2367,16.475,99.4442
11/1/2020,2020,11,NOV,133.3483,26.02,84.6675,17.9133,18.505,99.3683
12/1/2020,2020,12,DEC,29.17,25.825,85.0717,17.7667,17.805,99.3433
1/1/2021,2021,1,JAN,28.0892,25.8575,81.0792,16.9575,17.84,99.2833
2/1/2021,2021,2,FEB,21.9508,26.34,79.9758,17.215,17.2075,99.29
3/1/2021,2021,3,MAR,83.7375,26.5158,86.8558,18.8975,16.2925,99.2083
4/1/2021,2021,4,APR,212.75,26.5042,88.7975,19.3725,19.1,99.2392
5/1/2021,2021,5,MAY,160.2883,26.1,90.2442,19.2558,17.98,99.3908
6/1/2021,2021,6,JUN,278.3425,25.44,90.1892,18.4642,16.09,99.4992
7/1/2021,2021,7,JUL,298.3142,24.6658,89.8817,17.5333,14.5325,99.6383
8/1/2021,2021,8,AUG,442.3442,24.5617,91.87,17.8633,13.15,99.5508
9/1/2021,2021,9,SEP,352.0908,24.89,91.1825,18.0825,15.6525,99.5017
10/1/2021,2021,10,OCT,245.695,25.6583,90.7008,18.845,17.4325,99.395
11/1/2021,2021,11,NOV,338.1292,26.0517,89.1017,18.9433,17.9625,99.3083
12/1/2021,2021,12,DEC,114.645,25.2258,81.4717,16.5175,17.3825,99.3067
1/1/2022,2022,1,JAN,66.5042,24.0683,77.3375,14.6492,18.315,99.3808
2/1/2022,2022,2,FEB,26.5675,25.6883,78.3417,16.3667,18.67,99.285
3/1/2022,2022,3,MAR,99.3783,26.7433,88.5925,19.6225,16.5675,99.1467
4/1/2022,2022,4,APR,203.365,26.0558,89.6,19.0775,17.215,99.2317
5/1/2022,2022,5,MAY,166.8675,25.945,90.3492,19.085,16.6525,99.4417
6/1/2022,2022,6,JUN,362.0625,25.05,91.7583,18.4017,15.2375,99.4525
7/1/2022,2022,7,JUL,268.2008,24.5567,90.9983,17.6742,13.62,99.5467
8/1/2022,2022,8,AUG,227.4233,24.1925,90.4867,17.1867,13.45,99.49
9/1/2022,2022,9,SEP,315.5917,24.555,91.3433,17.7408,14.455,99.5042
10/1/2022,2022,10,OCT,240.9567,25.4842,88.69,18.2008,16.5825,99.4217
11/1/2022,2022,11,NOV,51.6267,25.8967,84.6633,17.775,18.93,99.3508
12/1/2022,2022,12,DEC,25.0717,24.3592,77.9567,15.0508,18.57,99.36
1/1/2023,2023,1,JAN,7.775,24.7833,75.7642,14.9542,18.3375,99.3583
2/1/2023,2023,2,FEB,78.0592,25.8658,79.0967,16.6492,18.645,99.2942
3/1/2023,2023,3,MAR,135.025,26.255,87.4383,18.76,18.7375,99.3008
4/1/2023,2023,4,APR,170.8608,26.3858,89.3533,19.3933,17.1025,99.2108
5/1/2023,2023,5,MAY,137.2958,26.5058,90.12,19.695,17.85,99.3958
6/1/2023,2023,6,JUN,388.6717,25.3975,91.3117,18.67,14.6475,99.555
7/1/2023,2023,7,JUL,272.2058,25.4108,91.3917,18.6717,14.2325,99.6142
8/1/2023,2023,8,AUG,173.2458,25.1533,90.8817,18.2892,13.4875,99.545
9/1/2023,2023,9,SEP,351.2633,25.4675,91.5367,18.7958,14.2425,99.485
10/1/2023,2023,10,OCT,216.7917,26.03,90.5733,19.2417,16.73,99.3958
11/1/2023,2023,11,NOV,136.6842,26.2217,89.3325,19.1842,16.9175,99.3667
12/1/2023,2023,12,DEC,2.3258,25.7842,76.495,15.9758,19.445,99.3742
1/1/2024,2024,1,JAN,10.8392,25.7292,72.4192,15.1467,18.915,99.5183
2/1/2024,2024,2,FEB,34.9267,26.6642,78.2558,17.2717,17.5275,99.3667
3/1/2024,2024,3,MAR,36.4558,27.66,86.7333,20.1983,18.5175,99.2608
4/1/2024,2024,4,APR,119.6908,27.4042,89.1,20.5417,18.0975,99.2108
5/1/2024,2024,5,MAY,202.6158,27.015,89.6858,20.205,16.8025,99.3425
6/1/2024,2024,6,JUN,251.175,26.05,90.675,19.2675,15.38,99.5025
7/1/2024,2024,7,JUL,206.8142,25.2258,90.215,18.2125,12.4425,99.6025
8/1/2024,2024,8,AUG,130.0983,25.005,89.315,17.7692,12.885,99.56
9/1/2024,2024,9,SEP,226.7042,25.2708,90.1733,18.2567,14.545,99.5083
10/1/2024,2024,10,OCT,270.7542,25.7525,89.7892,18.725,16.055,99.4667
11/1/2024,2024,11,NOV,46.4583,25.9842,80.6142,16.9892,20.275,99.3842
12/1/2024,2024,12,DEC,0.3025,25.0417,72.4625,14.3667,19.145,99.3933
1/1/2025,2025,1,JAN,3.3833,26.0458,79.1558,16.635,18.0875,99.3425
2/1/2025,2025,2,FEB,56.2142,26.9733,83.9542,18.6358,17.1225,99.2033
3/1/2025,2025,3,MAR,146.825,27.4942,85.8992,19.7525,17.7825,99.2208
4/1/2025,2025,4,APR,172.6325,27.1742,88.1658,19.9842,18.165,99.2175
5/1/2025,2025,5,MAY,150.7792,26.5583,88.4817,19.3317,16.98,99.42
6/1/2025,2025,6,JUN,308.9458,25.7508,90.5875,18.8875,15.195,99.5758
7/1/2025,2025,7,JUL,217.1317,24.56,90.5567,17.56,12.395,99.6858
8/1/2025,2025,8,AUG,145.1617,24.3208,89.8617,17.1592,12.4375,99.6358
9/1/2025,2025,9,SEP,233.1208,24.9175,90.0233,17.8333,13.61,99.575
10/1/2025,2025,10,OCT,220.2567,25.4275,89.5442,18.3075,15.66,99.48
11/1/2025,2025,11,NOV,116.3008,26.215,86.1733,18.3792,18.135,99.3867
12/1/2025,2025,12,DEC,43.9808,26.2733,86.7383,18.5933,18.135,99.3042
